--lets insert values here
INSERT INTO orders_manual VALUES
(1,'Ali Hassan','ali.h@email.com','0912345678','Card','Laptop','Electronics',1200.50,1,50.00,'2024-01-05 10:15:00','2024-01-07 14:00:00'),
(2,'Sara Ahmed','',NULL,'Cash','Phone','Electronics',850.00,2,NULL,'2024-01-06 12:20:00','2024-01-09 09:30:00'),
(3,'John Smith','john.smith@email.com','0987654321','Bank Transfer','Desk','Furniture',300.00,1,20.00,'2024-01-07 09:10:00',NULL),
(4,'Mariam Ali',NULL,'','Card','Chair','Furniture',150.00,4,0,'2024-01-10 16:40:00','2024-01-13 11:00:00'),
(5,'David Brown','d.brown@email.com','0911122233',NULL,'Headphones','Accessories',90.00,3,NULL,'2024-01-11 14:25:00',NULL),
(6,'Hana Omar','hana@email.com','0933344455','Apple Pay','Tablet','Electronics',600.00,1,25.00,'2024-01-15 18:10:00','2024-01-17 10:00:00'),
(7,'Omar Khaled','','0944455566','Cash','Camera','Electronics',950.00,1,100.00,'2024-01-18 08:45:00','2024-01-20 15:00:00'),
(8,'Layla Noor',NULL,NULL,'Card','Mouse','Accessories',25.00,5,NULL,'2024-01-20 13:30:00','2024-01-22 16:45:00'),
(9,'Nina Petrova','nina@email.com','',NULL,'Monitor','Electronics',400.00,2,15.00,'2024-01-22 17:15:00',NULL),
(10,'Adam Saleh','adam@email.com','0922233344','Card','Keyboard','Accessories',45.00,3,5.00,'2024-01-25 11:20:00','2024-01-27 14:10:00'),

(11,'Zara Khan','zara@email.com','0919988776','Cash','Laptop','Electronics',1350.00,1,NULL,'2024-02-01 09:00:00','2024-02-03 12:00:00'),
(12,'Tariq Ali','',NULL,'Card','Desk','Furniture',280.00,2,30.00,'2024-02-02 15:40:00',NULL),
(13,'Hassan Karim','hassan@email.com','0931122334','Bank Transfer','Chair','Furniture',170.00,1,NULL,'2024-02-04 10:50:00','2024-02-07 13:30:00'),
(14,'Yasmin Noor',NULL,'','Apple Pay','Phone','Electronics',780.00,1,40.00,'2024-02-05 19:00:00','2024-02-08 09:15:00'),
(15,'Ibrahim Said','ibrahim@email.com','0955566677','Cash','Headphones','Accessories',120.00,2,10.00,'2024-02-07 08:30:00',NULL),
(16,'Rania Omar','rania@email.com','',NULL,'Tablet','Electronics',550.00,1,NULL,'2024-02-10 12:45:00','2024-02-12 16:00:00'),
(17,'Karim Haddad','karim@email.com','0912233445','Card','Camera','Electronics',1100.00,1,150.00,'2024-02-11 14:10:00',NULL),
(18,'Mona Ali','','0933344455','Cash','Mouse','Accessories',30.00,4,NULL,'2024-02-12 09:20:00','2024-02-14 10:00:00'),
(19,'Fadi Youssef',NULL,NULL,'Card','Monitor','Electronics',420.00,1,20.00,'2024-02-15 16:35:00','2024-02-18 13:00:00'),
(20,'Lina Ahmed','lina@email.com','0918877665',NULL,'Keyboard','Accessories',50.00,2,NULL,'2024-02-17 18:25:00',NULL),
(21,'Noah Ibrahim','noah@email.com','0945566778','Card','Laptop','Electronics',1400.00,1,100.00,'2024-02-20 10:10:00','2024-02-22 14:30:00'),
(22,'Elias Sami','','0911223344','Cash','Desk','Furniture',310.00,1,NULL,'2024-02-21 11:45:00',NULL),
(23,'Salma Karim','salma@email.com',NULL,'Bank Transfer','Chair','Furniture',165.00,2,15.00,'2024-02-23 09:30:00','2024-02-26 12:00:00'),
(24,'Majid Noor',NULL,'','Card','Phone','Electronics',920.00,1,60.00,'2024-02-25 17:20:00','2024-02-27 10:40:00'),
(25,'Dina Omar','dina@email.com','0936677889',NULL,'Headphones','Accessories',95.00,3,NULL,'2024-02-26 14:10:00',NULL),
(26,'Ola Hassan','','0959988776','Apple Pay','Tablet','Electronics',640.00,1,30.00,'2024-03-01 08:15:00','2024-03-03 11:20:00'),
(27,'Farah Ali','farah@email.com','', 'Cash','Camera','Electronics',980.00,1,120.00,'2024-03-02 15:50:00','2024-03-05 09:00:00'),
(28,'Bilal Ahmed',NULL,NULL,'Card','Mouse','Accessories',28.00,6,NULL,'2024-03-03 13:25:00','2024-03-04 16:10:00'),
(29,'Huda Saleh','huda@email.com','0923344556','Card','Monitor','Electronics',450.00,2,25.00,'2024-03-05 10:40:00',NULL),
(30,'Khaled Omar','khaled@email.com','',NULL,'Keyboard','Accessories',55.00,1,NULL,'2024-03-06 12:35:00','2024-03-08 14:00:00'),

(31,'Aisha Noor','aisha@email.com','0941122334','Cash','Laptop','Electronics',1250.00,1,80.00,'2024-03-08 09:20:00','2024-03-10 13:00:00'),
(32,'Nour Sami','',NULL,'Card','Desk','Furniture',290.00,2,NULL,'2024-03-10 16:10:00',NULL),
(33,'Rashid Karim','rashid@email.com','0934455667','Bank Transfer','Chair','Furniture',180.00,1,10.00,'2024-03-11 11:00:00','2024-03-14 15:20:00'),
(34,'Amira Said',NULL,'0952233445','Apple Pay','Phone','Electronics',870.00,1,NULL,'2024-03-13 18:30:00','2024-03-16 10:30:00'),
(35,'Jamal Ali','jamal@email.com','', 'Card','Headphones','Accessories',110.00,2,5.00,'2024-03-15 14:45:00',NULL),
(36,'Sami Youssef','sami@email.com','0917766554','Cash','Tablet','Electronics',590.00,1,NULL,'2024-03-18 08:55:00','2024-03-20 12:00:00'),
(37,'Hiba Noor','','',NULL,'Camera','Electronics',1020.00,1,200.00,'2024-03-19 17:40:00',NULL),
(38,'Zaid Omar','zaid@email.com','0939988776','Card','Mouse','Accessories',32.00,3,NULL,'2024-03-21 13:15:00','2024-03-23 09:45:00'),
(39,'Rami Ali',NULL,'0945566123','Cash','Monitor','Electronics',470.00,1,35.00,'2024-03-23 10:25:00','2024-03-25 14:30:00'),
(40,'Nada Hassan','nada@email.com',NULL,'Card','Keyboard','Accessories',60.00,2,NULL,'2024-03-25 19:05:00',NULL),

(41,'Tala Karim','tala@email.com','0912233441','Apple Pay','Laptop','Electronics',1500.00,1,150.00,'2024-03-28 09:30:00','2024-03-30 11:15:00'),
(42,'Iman Ali','',NULL,'Cash','Desk','Furniture',275.00,1,NULL,'2024-04-01 12:10:00',NULL),
(43,'Basel Omar','basel@email.com','0934455112','Card','Chair','Furniture',160.00,3,20.00,'2024-04-02 15:20:00','2024-04-05 10:00:00'),
(44,'Lamar Said',NULL,'','Bank Transfer','Phone','Electronics',910.00,1,NULL,'2024-04-03 18:45:00','2024-04-06 13:20:00'),
(45,'Rayan Ali','rayan@email.com','0943344552','Cash','Headphones','Accessories',88.00,4,12.00,'2024-04-05 14:10:00',NULL),
(46,'Sahar Omar','','0956677881','Card','Tablet','Electronics',620.00,1,NULL,'2024-04-07 08:20:00','2024-04-09 12:30:00'),
(47,'Tamer Hassan','tamer@email.com','',NULL,'Camera','Electronics',990.00,1,90.00,'2024-04-08 16:55:00',NULL),
(48,'Waleed Karim',NULL,NULL,'Card','Mouse','Accessories',35.00,5,NULL,'2024-04-10 11:40:00','2024-04-12 15:10:00'),
(49,'Yara Ali','yara@email.com','0913344556','Cash','Monitor','Electronics',430.00,2,40.00,'2024-04-12 13:35:00','2024-04-14 09:25:00'),
(50,'Ali Hassan','ali.h@email.com','0912345678','Card','Keyboard','Accessories',58.00,1,NULL,'2024-04-15 17:10:00',NULL),

(51,'Sara Ahmed','',NULL,'Apple Pay','Laptop','Electronics',1320.00,1,75.00,'2024-04-18 10:30:00','2024-04-20 14:00:00'),
(52,'John Smith','john.smith@email.com','0987654321','Cash','Desk','Furniture',305.00,2,NULL,'2024-04-20 09:15:00',NULL),
(53,'Mariam Ali',NULL,'','Card','Chair','Furniture',175.00,1,15.00,'2024-04-22 16:20:00','2024-04-25 12:40:00'),
(54,'David Brown','d.brown@email.com','0911122233','Bank Transfer','Phone','Electronics',890.00,1,NULL,'2024-04-24 11:50:00','2024-04-27 13:10:00'),
(55,'Hana Omar','hana@email.com','0933344455','Card','Headphones','Accessories',105.00,3,20.00,'2024-04-26 14:35:00',NULL),
(56,'Omar Khaled','','0944455566','Cash','Tablet','Electronics',610.00,1,NULL,'2024-04-28 08:45:00','2024-04-30 10:00:00'),
(57,'Layla Noor',NULL,NULL,'Card','Camera','Electronics',1080.00,1,130.00,'2024-05-01 15:30:00',NULL),
(58,'Nina Petrova','nina@email.com','',NULL,'Mouse','Accessories',29.00,7,NULL,'2024-05-03 12:25:00','2024-05-05 16:40:00'),
(59,'Adam Saleh','adam@email.com','0922233344','Cash','Monitor','Electronics',460.00,1,25.00,'2024-05-05 10:10:00','2024-05-07 14:30:00'),
(60,'Zara Khan','zara@email.com','0919988776','Card','Keyboard','Accessories',52.00,2,NULL,'2024-05-07 18:20:00',NULL),
(61,'Tariq Ali','',NULL,'Card','Laptop','Electronics',1420.00,1,120.00,'2024-05-10 09:40:00','2024-05-12 13:00:00'),
(62,'Hassan Karim','hassan@email.com','0931122334','Cash','Desk','Furniture',315.00,1,NULL,'2024-05-12 11:15:00',NULL),
(63,'Yasmin Noor',NULL,'','Bank Transfer','Chair','Furniture',155.00,2,10.00,'2024-05-14 16:25:00','2024-05-17 10:45:00'),
(64,'Ibrahim Said','ibrahim@email.com','0955566677','Card','Phone','Electronics',930.00,1,NULL,'2024-05-15 18:10:00','2024-05-18 12:20:00'),
(65,'Rania Omar','rania@email.com','',NULL,'Headphones','Accessories',98.00,4,15.00,'2024-05-17 14:35:00',NULL),
(66,'Karim Haddad','karim@email.com','0912233445','Apple Pay','Tablet','Electronics',670.00,1,NULL,'2024-05-20 08:50:00','2024-05-22 11:10:00'),
(67,'Mona Ali','','0933344455','Cash','Camera','Electronics',1015.00,1,95.00,'2024-05-22 15:45:00',NULL),
(68,'Fadi Youssef',NULL,NULL,'Card','Mouse','Accessories',33.00,5,NULL,'2024-05-24 10:30:00','2024-05-26 14:00:00'),
(69,'Lina Ahmed','lina@email.com','0918877665','Card','Monitor','Electronics',480.00,1,30.00,'2024-05-26 13:15:00','2024-05-29 09:25:00'),
(70,'Noah Ibrahim','noah@email.com','0945566778',NULL,'Keyboard','Accessories',62.00,2,NULL,'2024-05-28 17:40:00',NULL),

(71,'Elias Sami','','0911223344','Cash','Laptop','Electronics',1380.00,1,90.00,'2024-06-01 09:05:00','2024-06-03 12:30:00'),
(72,'Salma Karim','salma@email.com',NULL,'Card','Desk','Furniture',295.00,3,NULL,'2024-06-03 14:10:00',NULL),
(73,'Majid Noor',NULL,'','Bank Transfer','Chair','Furniture',172.00,1,12.00,'2024-06-05 11:20:00','2024-06-08 15:40:00'),
(74,'Dina Omar','dina@email.com','0936677889','Card','Phone','Electronics',885.00,1,NULL,'2024-06-07 18:55:00','2024-06-10 10:00:00'),
(75,'Ola Hassan','','0959988776','Cash','Headphones','Accessories',115.00,2,18.00,'2024-06-09 13:35:00',NULL),
(76,'Farah Ali','farah@email.com','',NULL,'Tablet','Electronics',640.00,1,NULL,'2024-06-11 08:45:00','2024-06-13 12:15:00'),
(77,'Bilal Ahmed',NULL,NULL,'Card','Camera','Electronics',1090.00,1,140.00,'2024-06-13 16:30:00',NULL),
(78,'Huda Saleh','huda@email.com','0923344556','Cash','Mouse','Accessories',27.00,6,NULL,'2024-06-15 10:25:00','2024-06-17 14:50:00'),
(79,'Khaled Omar','khaled@email.com','', 'Card','Monitor','Electronics',455.00,2,22.00,'2024-06-17 12:40:00','2024-06-20 09:10:00'),
(80,'Aisha Noor','aisha@email.com','0941122334',NULL,'Keyboard','Accessories',59.00,1,NULL,'2024-06-19 19:05:00',NULL),

(81,'Nour Sami','',NULL,'Card','Laptop','Electronics',1490.00,1,110.00,'2024-06-22 09:30:00','2024-06-24 13:20:00'),
(82,'Rashid Karim','rashid@email.com','0934455667','Cash','Desk','Furniture',310.00,2,NULL,'2024-06-24 11:45:00',NULL),
(83,'Amira Said',NULL,'0952233445','Card','Chair','Furniture',168.00,1,14.00,'2024-06-26 15:10:00','2024-06-29 10:30:00'),
(84,'Jamal Ali','jamal@email.com','',NULL,'Phone','Electronics',905.00,1,NULL,'2024-06-28 18:20:00','2024-07-01 12:00:00'),
(85,'Sami Youssef','sami@email.com','0917766554','Apple Pay','Headphones','Accessories',102.00,3,10.00,'2024-07-01 14:35:00',NULL),
(86,'Hiba Noor','','', 'Cash','Tablet','Electronics',615.00,1,NULL,'2024-07-03 08:55:00','2024-07-05 11:25:00'),
(87,'Zaid Omar','zaid@email.com','0939988776','Card','Camera','Electronics',995.00,1,85.00,'2024-07-05 16:15:00',NULL),
(88,'Rami Ali',NULL,'0945566123','Cash','Mouse','Accessories',31.00,4,NULL,'2024-07-07 10:10:00','2024-07-09 14:45:00'),
(89,'Nada Hassan','nada@email.com',NULL,'Card','Monitor','Electronics',470.00,1,28.00,'2024-07-09 13:25:00','2024-07-12 09:40:00'),
(90,'Tala Karim','tala@email.com','0912233441',NULL,'Keyboard','Accessories',57.00,2,NULL,'2024-07-11 17:50:00',NULL),

(91,'Iman Ali','',NULL,'Card','Laptop','Electronics',1510.00,1,160.00,'2024-07-14 09:15:00','2024-07-16 13:10:00'),
(92,'Basel Omar','basel@email.com','0934455112','Cash','Desk','Furniture',285.00,1,NULL,'2024-07-16 11:30:00',NULL),
(93,'Lamar Said',NULL,'','Bank Transfer','Chair','Furniture',162.00,2,9.00,'2024-07-18 15:40:00','2024-07-21 10:20:00'),
(94,'Rayan Ali','rayan@email.com','0943344552','Card','Phone','Electronics',940.00,1,NULL,'2024-07-20 18:05:00','2024-07-23 12:45:00'),
(95,'Sahar Omar','','0956677881','Cash','Headphones','Accessories',108.00,3,16.00,'2024-07-22 14:20:00',NULL),
(96,'Tamer Hassan','tamer@email.com','',NULL,'Tablet','Electronics',660.00,1,NULL,'2024-07-24 08:40:00','2024-07-26 11:55:00'),
(97,'Waleed Karim',NULL,NULL,'Card','Camera','Electronics',1125.00,1,175.00,'2024-07-26 16:50:00',NULL),
(98,'Yara Ali','yara@email.com','0913344556','Cash','Mouse','Accessories',29.00,8,NULL,'2024-07-28 10:35:00','2024-07-30 14:10:00'),
(99,'Ali Hassan','ali.h@email.com','0912345678','Card','Monitor','Electronics',490.00,1,35.00,'2024-07-30 13:00:00','2024-08-02 09:30:00'),
(100,'Sara Ahmed','',NULL,NULL,'Keyboard','Accessories',63.00,2,NULL,'2024-08-01 18:25:00',NULL),
(101,'John Smith','john.smith@email.com','0987654321','Card','Laptop','Electronics',1390.00,1,95.00,'2024-08-03 09:10:00','2024-08-05 12:30:00'),
(102,'Mariam Ali',NULL,'','Cash','Desk','Furniture',320.00,2,NULL,'2024-08-05 11:45:00',NULL),
(103,'David Brown','d.brown@email.com','0911122233','Bank Transfer','Chair','Furniture',158.00,1,8.00,'2024-08-07 15:20:00','2024-08-10 10:00:00'),
(104,'Hana Omar','hana@email.com','0933344455','Card','Phone','Electronics',910.00,1,NULL,'2024-08-09 18:40:00','2024-08-12 13:15:00'),
(105,'Omar Khaled','','0944455566',NULL,'Headphones','Accessories',112.00,3,12.00,'2024-08-11 14:30:00',NULL),
(106,'Layla Noor',NULL,NULL,'Cash','Tablet','Electronics',645.00,1,NULL,'2024-08-13 08:55:00','2024-08-15 11:25:00'),
(107,'Nina Petrova','nina@email.com','', 'Card','Camera','Electronics',1040.00,1,120.00,'2024-08-15 16:10:00',NULL),
(108,'Adam Saleh','adam@email.com','0922233344','Cash','Mouse','Accessories',34.00,5,NULL,'2024-08-17 10:35:00','2024-08-19 14:40:00'),
(109,'Zara Khan','zara@email.com','0919988776','Card','Monitor','Electronics',465.00,2,30.00,'2024-08-19 13:25:00','2024-08-22 09:15:00'),
(110,'Tariq Ali','',NULL,'Apple Pay','Keyboard','Accessories',61.00,1,NULL,'2024-08-21 17:55:00',NULL),

(111,'Hassan Karim','hassan@email.com','0931122334','Card','Laptop','Electronics',1525.00,1,180.00,'2024-08-24 09:05:00','2024-08-26 12:20:00'),
(112,'Yasmin Noor',NULL,'','Cash','Desk','Furniture',295.00,1,NULL,'2024-08-26 11:30:00',NULL),
(113,'Ibrahim Said','ibrahim@email.com','0955566677','Card','Chair','Furniture',170.00,2,15.00,'2024-08-28 15:45:00','2024-08-31 10:35:00'),
(114,'Rania Omar','rania@email.com','',NULL,'Phone','Electronics',880.00,1,NULL,'2024-08-30 18:10:00','2024-09-02 12:10:00'),
(115,'Karim Haddad','karim@email.com','0912233445','Cash','Headphones','Accessories',107.00,4,20.00,'2024-09-01 14:20:00',NULL),
(116,'Mona Ali','','0933344455','Card','Tablet','Electronics',630.00,1,NULL,'2024-09-03 08:40:00','2024-09-05 11:50:00'),
(117,'Fadi Youssef',NULL,NULL,'Bank Transfer','Camera','Electronics',1110.00,1,140.00,'2024-09-05 16:30:00',NULL),
(118,'Lina Ahmed','lina@email.com','0918877665','Cash','Mouse','Accessories',28.00,6,NULL,'2024-09-07 10:15:00','2024-09-09 14:25:00'),
(119,'Noah Ibrahim','noah@email.com','0945566778','Card','Monitor','Electronics',495.00,1,45.00,'2024-09-09 13:40:00','2024-09-12 09:20:00'),
(120,'Elias Sami','','0911223344',NULL,'Keyboard','Accessories',64.00,2,NULL,'2024-09-11 18:00:00',NULL),

(121,'Salma Karim','salma@email.com',NULL,'Card','Laptop','Electronics',1470.00,1,125.00,'2024-09-14 09:25:00','2024-09-16 13:30:00'),
(122,'Majid Noor',NULL,'','Cash','Desk','Furniture',305.00,2,NULL,'2024-09-16 11:10:00',NULL),
(123,'Dina Omar','dina@email.com','0936677889','Card','Chair','Furniture',182.00,1,18.00,'2024-09-18 15:15:00','2024-09-21 10:05:00'),
(124,'Ola Hassan','','0959988776','Apple Pay','Phone','Electronics',905.00,1,NULL,'2024-09-20 18:45:00','2024-09-23 12:35:00'),
(125,'Farah Ali','farah@email.com','',NULL,'Headphones','Accessories',99.00,3,9.00,'2024-09-22 14:50:00',NULL),
(126,'Bilal Ahmed',NULL,NULL,'Cash','Tablet','Electronics',675.00,1,NULL,'2024-09-24 08:35:00','2024-09-26 11:15:00'),
(127,'Huda Saleh','huda@email.com','0923344556','Card','Camera','Electronics',1005.00,1,110.00,'2024-09-26 16:55:00',NULL),
(128,'Khaled Omar','khaled@email.com','', 'Cash','Mouse','Accessories',30.00,7,NULL,'2024-09-28 10:45:00','2024-09-30 14:10:00'),
(129,'Aisha Noor','aisha@email.com','0941122334','Card','Monitor','Electronics',460.00,2,25.00,'2024-09-30 13:05:00','2024-10-03 09:40:00'),
(130,'Nour Sami','',NULL,NULL,'Keyboard','Accessories',58.00,1,NULL,'2024-10-02 17:35:00',NULL),

(131,'Rashid Karim','rashid@email.com','0934455667','Card','Laptop','Electronics',1550.00,1,200.00,'2024-10-04 09:15:00','2024-10-06 12:45:00'),
(132,'Amira Said',NULL,'0952233445','Cash','Desk','Furniture',290.00,1,NULL,'2024-10-06 11:50:00',NULL),
(133,'Jamal Ali','jamal@email.com','',NULL,'Chair','Furniture',165.00,2,14.00,'2024-10-08 15:30:00','2024-10-11 10:20:00'),
(134,'Sami Youssef','sami@email.com','0917766554','Card','Phone','Electronics',920.00,1,NULL,'2024-10-10 18:25:00','2024-10-13 12:00:00'),
(135,'Hiba Noor','','','Cash','Headphones','Accessories',106.00,4,22.00,'2024-10-12 14:10:00',NULL),
(136,'Zaid Omar','zaid@email.com','0939988776','Card','Tablet','Electronics',650.00,1,NULL,'2024-10-14 08:45:00','2024-10-16 11:35:00'),
(137,'Rami Ali',NULL,'0945566123','Bank Transfer','Camera','Electronics',1130.00,1,160.00,'2024-10-16 16:20:00',NULL),
(138,'Nada Hassan','nada@email.com',NULL,'Cash','Mouse','Accessories',27.00,5,NULL,'2024-10-18 10:05:00','2024-10-20 14:30:00'),
(139,'Tala Karim','tala@email.com','0912233441','Card','Monitor','Electronics',485.00,1,40.00,'2024-10-20 13:30:00','2024-10-23 09:15:00'),
(140,'Iman Ali','',NULL,NULL,'Keyboard','Accessories',60.00,2,NULL,'2024-10-22 17:45:00',NULL),
(141,'Basel Omar','basel@email.com','0934455112','Card','Laptop','Electronics',1480.00,1,130.00,'2024-10-25 09:20:00','2024-10-27 12:30:00'),
(142,'Lamar Said',NULL,'','Cash','Desk','Furniture',300.00,2,NULL,'2024-10-27 11:40:00',NULL),
(143,'Rayan Ali','rayan@email.com','0943344552','Bank Transfer','Chair','Furniture',175.00,1,15.00,'2024-10-29 15:10:00','2024-11-01 10:00:00'),
(144,'Sahar Omar','','0956677881','Card','Phone','Electronics',910.00,1,NULL,'2024-10-31 18:35:00','2024-11-03 13:20:00'),
(145,'Tamer Hassan','tamer@email.com','',NULL,'Headphones','Accessories',103.00,3,10.00,'2024-11-02 14:25:00',NULL),
(146,'Waleed Karim',NULL,NULL,'Cash','Tablet','Electronics',690.00,1,NULL,'2024-11-04 08:50:00','2024-11-06 11:10:00'),
(147,'Yara Ali','yara@email.com','0913344556','Card','Camera','Electronics',1075.00,1,125.00,'2024-11-06 16:45:00',NULL),
(148,'Ali Hassan','ali.h@email.com','0912345678','Cash','Mouse','Accessories',29.00,6,NULL,'2024-11-08 10:30:00','2024-11-10 14:40:00'),
(149,'Sara Ahmed','',NULL,'Card','Monitor','Electronics',470.00,2,30.00,'2024-11-10 13:15:00','2024-11-13 09:25:00'),
(150,'John Smith','john.smith@email.com','0987654321',NULL,'Keyboard','Accessories',65.00,1,NULL,'2024-11-12 17:55:00',NULL),

(151,'Mariam Ali',NULL,'','Card','Laptop','Electronics',1530.00,1,210.00,'2024-11-15 09:10:00','2024-11-17 12:40:00'),
(152,'David Brown','d.brown@email.com','0911122233','Cash','Desk','Furniture',285.00,1,NULL,'2024-11-17 11:25:00',NULL),
(153,'Hana Omar','hana@email.com','0933344455','Card','Chair','Furniture',168.00,2,12.00,'2024-11-19 15:35:00','2024-11-22 10:15:00'),
(154,'Omar Khaled','','0944455566','Apple Pay','Phone','Electronics',940.00,1,NULL,'2024-11-21 18:20:00','2024-11-24 13:05:00'),
(155,'Layla Noor',NULL,NULL,'Cash','Headphones','Accessories',108.00,4,18.00,'2024-11-23 14:45:00',NULL),
(156,'Nina Petrova','nina@email.com','',NULL,'Tablet','Electronics',660.00,1,NULL,'2024-11-25 08:30:00','2024-11-27 11:45:00'),
(157,'Adam Saleh','adam@email.com','0922233344','Card','Camera','Electronics',1115.00,1,150.00,'2024-11-27 16:10:00',NULL),
(158,'Zara Khan','zara@email.com','0919988776','Cash','Mouse','Accessories',31.00,5,NULL,'2024-11-29 10:20:00','2024-12-01 14:00:00'),
(159,'Tariq Ali','',NULL,'Card','Monitor','Electronics',500.00,1,50.00,'2024-12-01 13:05:00','2024-12-04 09:35:00'),
(160,'Hassan Karim','hassan@email.com','0931122334',NULL,'Keyboard','Accessories',59.00,2,NULL,'2024-12-03 17:40:00',NULL),

(161,'Yasmin Noor',NULL,'','Card','Laptop','Electronics',1495.00,1,175.00,'2024-12-05 09:25:00','2024-12-07 12:50:00'),
(162,'Ibrahim Said','ibrahim@email.com','0955566677','Cash','Desk','Furniture',315.00,2,NULL,'2024-12-07 11:15:00',NULL),
(163,'Rania Omar','rania@email.com','',NULL,'Chair','Furniture',172.00,1,10.00,'2024-12-09 15:20:00','2024-12-12 10:05:00'),
(164,'Karim Haddad','karim@email.com','0912233445','Card','Phone','Electronics',925.00,1,NULL,'2024-12-11 18:30:00','2024-12-14 13:10:00'),
(165,'Mona Ali','','0933344455','Cash','Headphones','Accessories',104.00,3,14.00,'2024-12-13 14:10:00',NULL),
(166,'Fadi Youssef',NULL,NULL,'Card','Tablet','Electronics',680.00,1,NULL,'2024-12-15 08:45:00','2024-12-17 11:20:00'),
(167,'Lina Ahmed','lina@email.com','0918877665','Bank Transfer','Camera','Electronics',1095.00,1,135.00,'2024-12-17 16:40:00',NULL),
(168,'Noah Ibrahim','noah@email.com','0945566778','Cash','Mouse','Accessories',30.00,7,NULL,'2024-12-19 10:30:00','2024-12-21 14:45:00'),
(169,'Elias Sami','','0911223344','Card','Monitor','Electronics',475.00,2,25.00,'2024-12-21 13:20:00','2024-12-24 09:30:00'),
(170,'Salma Karim','salma@email.com',NULL,NULL,'Keyboard','Accessories',62.00,1,NULL,'2024-12-23 17:55:00',NULL),

(171,'Majid Noor',NULL,'','Card','Laptop','Electronics',1580.00,1,220.00,'2024-12-24 09:05:00','2024-12-27 12:30:00'),
(172,'Dina Omar','dina@email.com','0936677889','Cash','Desk','Furniture',295.00,1,NULL,'2024-12-24 11:40:00',NULL),
(173,'Ola Hassan','','0959988776','Card','Chair','Furniture',180.00,2,16.00,'2024-12-25 15:10:00','2024-12-28 10:10:00'),
(174,'Farah Ali','farah@email.com','',NULL,'Phone','Electronics',960.00,1,NULL,'2024-12-25 18:45:00','2024-12-29 13:00:00'),
(175,'Bilal Ahmed',NULL,NULL,'Cash','Headphones','Accessories',115.00,4,20.00,'2024-12-26 14:35:00',NULL),
(176,'Huda Saleh','huda@email.com','0923344556','Card','Tablet','Electronics',705.00,1,NULL,'2024-12-26 08:55:00','2024-12-30 11:30:00'),
(177,'Khaled Omar','khaled@email.com','',NULL,'Camera','Electronics',1120.00,1,140.00,'2024-12-27 16:25:00',NULL),
(178,'Aisha Noor','aisha@email.com','0941122334','Cash','Mouse','Accessories',28.00,6,NULL,'2024-12-27 10:15:00','2024-12-31 14:20:00'),
(179,'Nour Sami','',NULL,'Card','Monitor','Electronics',490.00,1,35.00,'2024-12-28 13:10:00','2024-12-31 09:40:00'),
(180,'Rashid Karim','rashid@email.com','0934455667',NULL,'Keyboard','Accessories',64.00,2,NULL,'2024-12-28 17:50:00',NULL),

(181,'Amira Said',NULL,'0952233445','Card','Laptop','Electronics',1600.00,1,250.00,'2024-12-29 09:15:00','2025-01-02 12:45:00'),
(182,'Jamal Ali','jamal@email.com','',NULL,'Desk','Furniture',310.00,2,NULL,'2024-12-29 11:30:00',NULL),
(183,'Sami Youssef','sami@email.com','0917766554','Cash','Chair','Furniture',170.00,1,12.00,'2024-12-29 15:45:00','2025-01-03 10:25:00'),
(184,'Hiba Noor','','','Card','Phone','Electronics',945.00,1,NULL,'2024-12-30 18:20:00','2025-01-04 13:15:00'),
(185,'Zaid Omar','zaid@email.com','0939988776','Cash','Headphones','Accessories',109.00,3,17.00,'2024-12-30 14:20:00',NULL),
(186,'Rami Ali',NULL,'0945566123','Card','Tablet','Electronics',695.00,1,NULL,'2024-12-30 08:40:00','2025-01-05 11:50:00'),
(187,'Nada Hassan','nada@email.com',NULL,'Bank Transfer','Camera','Electronics',1150.00,1,180.00,'2024-12-30 16:55:00',NULL),
(188,'Tala Karim','tala@email.com','0912233441','Cash','Mouse','Accessories',32.00,5,NULL,'2024-12-31 10:35:00','2025-01-06 14:00:00'),
(189,'Iman Ali','',NULL,'Card','Monitor','Electronics',510.00,1,60.00,'2024-12-31 13:00:00','2025-01-07 09:30:00'),
(190,'Basel Omar','basel@email.com','0934455112',NULL,'Keyboard','Accessories',66.00,2,NULL,'2024-12-31 17:45:00',NULL),

(191,'Lamar Said',NULL,'','Card','Laptop','Electronics',1625.00,1,275.00,'2024-12-31 09:00:00','2025-01-08 12:30:00'),
(192,'Rayan Ali','rayan@email.com','0943344552','Cash','Desk','Furniture',325.00,1,NULL,'2024-12-31 11:15:00',NULL),
(193,'Sahar Omar','','0956677881','Card','Chair','Furniture',185.00,2,20.00,'2024-12-31 15:25:00','2025-01-09 10:10:00'),
(194,'Tamer Hassan','tamer@email.com','',NULL,'Phone','Electronics',980.00,1,NULL,'2024-12-31 18:40:00','2025-01-10 13:05:00'),
(195,'Waleed Karim',NULL,NULL,'Cash','Headphones','Accessories',120.00,4,25.00,'2024-12-31 14:35:00',NULL),
(196,'Yara Ali','yara@email.com','0913344556','Card','Tablet','Electronics',720.00,1,NULL,'2024-12-31 08:50:00','2025-01-11 11:40:00'),
(197,'Ali Hassan','ali.h@email.com','0912345678','Cash','Camera','Electronics',1185.00,1,190.00,'2024-12-31 16:30:00',NULL),
(198,'Sara Ahmed','',NULL,'Card','Mouse','Accessories',33.00,6,NULL,'2024-12-31 10:20:00','2025-01-12 14:15:00'),
(199,'John Smith','john.smith@email.com','0987654321',NULL,'Monitor','Electronics',520.00,2,70.00,'2024-12-31 13:40:00','2025-01-13 09:45:00'),
(200,'Mariam Ali',NULL,'','Cash','Keyboard','Accessories',68.00,1,NULL,'2024-12-31 17:55:00',NULL);

/*  I have inserted the values into orders_manual   then i will show the  real life challenges and query with their out put using screen shots.
 i am using terminal inteade of GUIs like table plus , because i need to memorize the syntax as much as possible to be confident in writing sql
  for analysis and data base engineering*/




/*
  lets insert demo data for three tables to practice normalized data modeling.
*/

INSERT INTO orders VALUES
(1,'Ali Hassan','2024-01-05'),
(2,'Sara Ahmed','2024-01-06'),
(3,'John Smith','2024-01-07'),
(4,'Mariam Ali','2024-01-10'),
(5,'David Brown','2024-01-11'),
(6,'Hana Omar','2024-01-15'),
(7,'Omar Khaled','2024-01-18'),
(8,'Layla Noor','2024-01-20');


INSERT INTO products VALUES
(101,'Laptop','Electronics',1200),
(102,'Phone','Electronics',800),
(103,'Desk','Furniture',300),
(104,'Chair','Furniture',150),
(105,'Mouse','Accessories',25),
(106,'Keyboard','Accessories',45),
(107,'Headphones','Accessories',90);



INSERT INTO order_items (order_id, product_id, quantity) VALUES
(1,101,1),
(1,105,2),
(2,102,1),
(2,106,1),
(2,105,1),
(3,103,1),
(4,104,4),
(4,105,2),
(5,107,1),
(5,105,1),
(6,101,1),
(6,106,2),
(7,102,1),
(8,105,3),
(8,106,1);
